epoch,training_loss,validation_loss,validation_accuracy,saved
1,1.5268587233228486,1.4254230736344284,0.42696336442753663,1
2,1.3394204780524375,1.2930544044495722,0.4934076814841836,1
3,1.245090092057009,1.209982607256435,0.5318672155922664,1
